Hélèn,Abram,helen.abram,F,3ap
Marin,Đakovo,marin.djakovo,M,3ap
Vincenzo,De Carolis,vincenzo.decarolis,M,3ap
Marcis,de Carrabas,marcis.decarrabas,M,3ap
Enzo,D'Alò,enzo.dalo,M,3ap
Władysław,Łęczewski,wladyslaw.leczewski,M,4ap
Kenny,McBain,kenny.mcbain,M,4ap
Finn,Myklegård,finn.myklegaard,M,4ap
Władysław,Łęczewski,wladyslaw.leczewski,M,4ap
Susanne Irina,Zacharias,susanne.zacharias,M,4ap
